{
 "templeR0013": [
  [
   0.9999999980543897,
   -6.182408891547089e-05,
   -8.306796809394402e-06,
   1.0917385079564733e-06
  ],
  [
   6.18238837085177e-05,
   0.999999997783822,
   -2.4701486574413356e-05,
   -1.989869105717838e-06
  ],
  [
   8.308323937852651e-06,
   2.4700972967925633e-05,
   0.9999999996604169,
   -1.1492911487401723e-05
  ]
 ],
 "templeR0042": [
  [
   -0.9998470379537417,
   -0.00919206363321693,
   0.014879739960494898,
   0.018591536610638754
  ],
  [
   0.010130383391360635,
   -0.9978814593930018,
   0.06426482966628794,
   -0.9990698770119025
  ],
  [
   0.01425749022349665,
   0.06440573705700331,
   0.9978219405318124,
   0.0390304633989687
  ]
 ],
 "templeR0044": [
  [
   -0.9991478394423139,
   -0.040422097857014956,
   0.00834559420256832,
   0.09286156486562859
  ],
  [
   0.04067223467514033,
   -0.9298103170399445,
   0.3657848324529164,
   -4.520637363385557
  ],
  [
   -0.0070259707006468325,
   0.3658125590120106,
   0.9306620264117361,
   0.7137085921276574
  ]
 ],
 "templeR0032": [
  [
   -0.9846087680470488,
   0.06666050050148006,
   0.16156098402078733,
   -1.616430785070365
  ],
  [
   0.08058719271177378,
   -0.6471098882597137,
   0.7581256471636719,
   -9.073945833585736
  ],
  [
   0.15508474539975992,
   0.7594769056326816,
   0.6317780872702845,
   4.0283419898566875
  ]
 ],
 "templeR0034": [
  [
   -0.9825520348331076,
   0.06378316668178384,
   0.1747089193297338,
   -1.7693535014134185
  ],
  [
   0.11242098044666073,
   -0.544653587355139,
   0.8310920484137658,
   -9.963193883809303
  ],
  [
   0.1481655223077595,
   0.8362321313063865,
   0.5279799244005847,
   5.167143349452518
  ]
 ],
 "templeR0036": [
  [
   -0.9840922105864998,
   0.018272191388036457,
   0.1767162926412139,
   -1.8161414076441005
  ],
  [
   0.158373535582859,
   -0.36048983345626917,
   0.9192197252026613,
   -11.00619797504239
  ],
  [
   0.08050058564980184,
   0.932584155450086,
   0.351861405546969,
   7.369880859028527
  ]
 ],
 "templeR0038": [
  [
   -0.9809971801971027,
   -0.005792287320400727,
   0.1939355095203844,
   -2.032167015057749
  ],
  [
   0.19344417544284775,
   -0.10628362795276314,
   0.9753374500225218,
   -11.635250334386122
  ],
  [
   0.014962734795816626,
   0.9943189829409858,
   0.10538442356740141,
   10.272692763745106
  ]
 ],
 "templeR0015": [
  [
   0.999106346507865,
   -0.04148237898572973,
   -0.008106824371493442,
   0.08781290385735563
  ],
  [
   0.04197582445637802,
   0.9513208758324511,
   0.3053303479292315,
   -3.586848054007455
  ],
  [
   -0.0049536379473361,
   -0.30539777903426624,
   0.9522119816679604,
   0.5016801102205083
  ]
 ],
 "templeR0017": [
  [
   0.9965879213554578,
   -0.08010598222724714,
   -0.01988835387395813,
   0.22417242706793222
  ],
  [
   0.07769842677083062,
   0.8292144121814309,
   0.5535037606990053,
   -6.518660278074934
  ],
  [
   -0.02784725275041851,
   -0.5531604561445186,
   0.8326091761878693,
   1.8570665659391026
  ]
 ],
 "templeR0019": [
  [
   0.9880820069988836,
   -0.15361376357883896,
   -0.00983661955158091,
   0.12716605895299696
  ],
  [
   0.10792379627626178,
   0.645792270300302,
   0.7558470730364057,
   -8.919714117015832
  ],
  [
   -0.10975610070687608,
   -0.7479004982345756,
   0.6546743030684004,
   3.8636305915823503
  ]
 ],
 "templeR0021": [
  [
   0.9870198837518569,
   -0.1490198419445316,
   -0.05987349818824363,
   0.7003196143749173
  ],
  [
   0.12336407923565756,
   0.4648215022121864,
   0.8767680850918016,
   -10.391952137673583
  ],
  [
   -0.10282535209183188,
   -0.8727737723992588,
   0.4771717606681661,
   5.990158118894352
  ]
 ]
}